AAL,AAPL,AMZN,AT&T,BAC,BBD,BCS,EVA,Ford,GOOGL,INND,INTC,MARA,META,MSFT,NVDA,RIG,Samsung,SWN,TSLA
0.0,0.0,0.0,0.0,0.12685010513409112,0.0,0.0,0.005735485800571599,0.0,0.04456977987272041,0.018105702338668345,0.0,0.0,0.0,0.28502915687592895,0.17658413027725112,0.0,0.0,0.0,0.34312563970076854
