AAL,AAPL,AMZN,AT&T,BAC,BBD,BCS,DIS,EVA,Ford,GOOGL,INTC,MARA,META,MSFT,NVDA,RIG,Samsung,SWN,TSLA
0.0,0.0,0.013297776017562166,0.005492916972594548,0.0,0.0,0.0,0.05147838606932204,0.07814146184850285,0.0,0.0,0.0,0.0,0.0,0.8515894590920183,0.0,0.0,0.0,0.0,0.0
