AAL,AAPL,AMZN,AT&T,BAC,BBD,BCS,EVA,Ford,GOOGL,INND,INTC,MARA,META,MSFT,NVDA,RIG,Samsung,SWN,TSLA
0.0,0.0,0.0,0.0,3.6017781034176285e-07,0.0,6.495436586937655e-08,0.0,0.0,6.575208075818204e-07,0.009771265055115445,0.0,0.0,0.0,0.8274399765997272,0.06509452371684797,0.0,0.0,4.900368641884558e-06,0.09768825160668385
