AAL,AAPL,AMZN,AT&T,BAC,BBD,BCS,DIS,EVA,Ford,GOOGL,INTC,MARA,META,MSFT,NVDA,RIG,Samsung,SWN,TSLA
0.0,3.228027166299725e-06,2.3148271309424123e-07,1.690172609868419e-06,0.0,0.0,0.0,0.0,1.1015655763557863e-05,0.0,0.0,0.0,0.0,0.0,0.8884024695533443,0.023364327596972722,0.0,0.0,0.0018553256883750092,0.08636171182305517
