AAL,AAPL,AMZN,AT&T,BAC,BBD,BCS,DIS,EVA,Ford,GOOGL,INTC,MARA,META,MSFT,NVDA,RIG,Samsung,SWN,TSLA
0.0,0.0,0.02571347387819456,0.0,0.0886214542016946,0.0,0.0,0.0,0.16403452837736487,0.0,0.03147576459414964,0.05053542748227774,0.0,0.004834906984550807,0.33502777208162104,0.11964495792570823,0.0,0.0,0.058560598278550334,0.1215511161958882
