AAL,AAPL,AMZN,AT&T,BAC,BBD,BCS,DIS,EVA,Ford,GOOGL,INTC,MARA,META,MSFT,NVDA,RIG,Samsung,SWN,TSLA
0.0,0.0,0.0,0.0,0.0,0.0,0.0,0.0,0.16534199006745673,0.0,0.19474686654569298,0.0,0.0,0.0,0.19474686654569298,0.19474686654569298,0.0,0.05567054374977129,0.0,0.19474686654569298
