AAL,AAPL,AMZN,AT&T,BAC,BBD,BCS,DIS,EVA,Ford,GOOGL,INTC,MARA,META,MSFT,NVDA,RIG,Samsung,SWN,TSLA
0.0,0.03232134943888002,0.0,0.0,0.0,0.0,0.0,0.0,0.0,0.01920922483068418,0.037776699302427184,0.0,0.0,0.0,0.7762681328287809,0.12186154293131432,0.0,0.0,0.012563050667913305,0.0
