AAL,AAPL,AMZN,AT&T,BAC,BBD,BCS,DIS,EVA,Ford,GOOGL,INTC,MARA,META,MSFT,NVDA,RIG,Samsung,SWN,TSLA
0.0,0.0,0.0,3.1150580796357023e-07,0.0,6.056375541407498e-08,3.088102477448585e-07,0.0,7.308487335661477e-07,0.0,0.0,0.0,2.675860141002063e-07,1.454689647041495e-07,0.8898462381590616,0.02325308929641806,4.361856247866712e-08,0.0,0.0013740745144900088,0.08552472962794444
