AAL,AAPL,AMZN,AT&T,BAC,BBD,BCS,DIS,EVA,Ford,GOOGL,INTC,MARA,META,MSFT,NVDA,RIG,Samsung,SWN,TSLA
0.0,0.04269996555058275,0.0,0.0,0.0,0.0,0.03465412209439916,0.0,0.04370626785366719,0.0,0.0,0.0,0.0,0.0,0.57461812102116,0.11338117100457899,0.0,0.0,0.05497270314265435,0.13596764933295746
