AAL,AAPL,AMZN,AT&T,BAC,BBD,BCS,DIS,EVA,Ford,GOOGL,INTC,MARA,META,MSFT,NVDA,RIG,Samsung,SWN,TSLA
0.032455451315698755,0.13627495723256267,0.17939408131961457,0.0625231934039465,0.029569297178402777,0.06284051070502619,0.017106276541173256,0.058703319173627574,0.04377191889260494,0.0,0.0,0.09848338329282126,0.0,0.0,0.0,0.03643147015225855,0.03250141354745921,0.0444717066543042,0.0,0.16547302059049954
